"","CHROM","POS","REF","ALT","AD_REF.LOW","AD_ALT.LOW","DP.LOW","GQ.LOW","AD_REF.HIGH","AD_ALT.HIGH","DP.HIGH","GQ.HIGH","SNPindex.HIGH","SNPindex.LOW","REF_FRQ","deltaSNP","nSNPs","tricubeDeltaSNP","G","Gprime","pvalue","negLog10Pval","qvalue","minDP","tricubeDP","CI_95","CI_99","p1","p2"
"1","NC_029263.1",23544497,"A","T",58,23,81,NA,39,51,90,NA,0.566666666666667,0.283950617283951,0.567251461988304,0.282716049382716,2114,0.399581802297667,14.1350150757727,25.2937502037808,9.61969016620712e-05,4.01683891562055,0.0123778109345892,81,62,-0.17741935483871,-0.241935483870968,0.283950617283951,0.566666666666667
"2","NC_029263.1",23544574,"A","C",56,14,70,NA,33,47,80,NA,0.5875,0.2,0.593333333333333,0.3875,2114,0.399582478600187,24.1894757617777,25.2938347204151,9.61950812249368e-05,4.01684713431855,0.0123778109345892,70,62,-0.17741935483871,-0.241935483870968,0.2,0.5875
"3","NC_029263.1",23544635,"G","A",60,19,79,NA,36,37,73,NA,0.506849315068493,0.240506329113924,0.631578947368421,0.266342985954569,2114,0.399583014372313,11.7169148951416,25.2939016751514,9.61936390878604e-05,4.01685364522182,0.0123778109345892,73,62,-0.17741935483871,-0.241935483870968,0.240506329113924,0.506849315068493
"4","NC_029263.1",23544899,"A","G",67,10,77,NA,46,67,113,NA,0.592920353982301,0.12987012987013,0.594736842105263,0.463050224112171,2114,0.399585333123811,44.3421157657287,25.2941914464691,9.61873979855588e-05,4.01688182342829,0.0123778109345892,77,62,-0.17741935483871,-0.241935483870968,0.12987012987013,0.592920353982301
"5","NC_029263.1",23544928,"T","C",75,16,91,NA,43,61,104,NA,0.586538461538462,0.175824175824176,0.605128205128205,0.410714285714286,2113,0.399585587835149,35.9683618139347,25.2942232774093,9.6186712437496e-05,4.01688491874855,0.0123778109345892,91,62,-0.17741935483871,-0.241935483870968,0.175824175824176,0.586538461538462
"6","NC_029263.1",23546209,"C","T",42,19,61,NA,45,64,109,NA,0.587155963302752,0.311475409836066,0.511764705882353,0.275680553466687,2110,0.399596839049802,12.1250531953533,25.2956293268712,9.61564355658195e-05,4.01702164395601,0.0123778109345892,61,62,-0.17741935483871,-0.241935483870968,0.311475409836066,0.587155963302752
"7","NC_029263.1",23546579,"T","G",60,12,72,NA,27,38,65,NA,0.584615384615385,0.166666666666667,0.635036496350365,0.417948717948718,2109,0.399600088815158,26.6850402284524,25.2960354457634,9.61476924700166e-05,4.01706113430188,0.0123778109345892,65,62,-0.17741935483871,-0.241935483870968,0.166666666666667,0.584615384615385
"8","NC_029263.1",23546830,"A","G",57,7,64,NA,36,46,82,NA,0.560975609756098,0.109375,0.636986301369863,0.451600609756098,2109,0.399602293385711,34.658652420178,25.2963109480389,9.61417618481342e-05,4.01708792346063,0.0123778109345892,64,62,-0.17741935483871,-0.241935483870968,0.109375,0.560975609756098
"9","NC_029263.1",23546872,"A","T",59,11,70,NA,41,51,92,NA,0.554347826086957,0.157142857142857,0.617283950617284,0.397204968944099,2108,0.399602662277994,28.2463179982227,25.2963570480213,9.61407695130312e-05,4.01709240608998,0.0123778109345892,70,62,-0.17741935483871,-0.241935483870968,0.157142857142857,0.554347826086957
"10","NC_029263.1",23547566,"A","T",63,20,83,NA,35,64,99,NA,0.646464646464647,0.240963855421687,0.538461538461538,0.40550079104296,2105,0.399608757783825,30.9419802917504,25.2971187953488,9.61243740121853e-05,4.01716647542395,0.0123778109345892,83,62,-0.17741935483871,-0.241935483870968,0.240963855421687,0.646464646464647
"11","NC_029263.1",23547592,"T","C",59,16,75,NA,37,56,93,NA,0.602150537634409,0.213333333333333,0.571428571428571,0.388817204301075,2105,0.399608986145715,26.6899728129635,25.2971473334332,9.61237598321452e-05,4.01716925032737,0.0123778109345892,75,62,-0.17741935483871,-0.241935483870968,0.213333333333333,0.602150537634409
"12","NC_029263.1",23548687,"C","A",47,11,58,NA,19,58,77,NA,0.753246753246753,0.189655172413793,0.488888888888889,0.56359158083296,2103,0.39961860369454,44.6932834016331,25.2983492258304,9.60978973821858e-05,4.01728611457187,0.0123778109345892,58,62,-0.17741935483871,-0.241935483870968,0.189655172413793,0.753246753246753
"13","NC_029263.1",23548747,"C","T",56,10,66,NA,22,59,81,NA,0.728395061728395,0.151515151515152,0.530612244897959,0.576879910213244,2103,0.399619130683516,52.3450944613855,25.298415082948,9.60964804861408e-05,4.01729251798638,0.0123778109345892,66,62,-0.17741935483871,-0.241935483870968,0.151515151515152,0.728395061728395
"14","NC_029263.1",23549252,"A","G",65,18,83,NA,31,63,94,NA,0.670212765957447,0.216867469879518,0.542372881355932,0.453345296077929,2101,0.39962356617407,38.1003401254868,25.298969380355,9.60845558685142e-05,4.01734641295686,0.0123778109345892,83,62,-0.17741935483871,-0.241935483870968,0.216867469879518,0.670212765957447
"15","NC_029263.1",23550162,"C","T",48,22,70,NA,36,56,92,NA,0.608695652173913,0.314285714285714,0.518518518518518,0.294409937888199,2099,0.399619737919489,14.0528993082058,25.2986465823826,9.60915000305373e-05,4.01731502703591,0.0123778109345892,70,62,-0.17741935483871,-0.241935483870968,0.314285714285714,0.608695652173913
"16","NC_029263.1",23550300,"T","G",64,15,79,NA,39,55,94,NA,0.585106382978723,0.189873417721519,0.595375722543353,0.395232965257204,2099,0.399614501024349,29.1262059542547,25.2980770305698,9.61037538286247e-05,4.01725964838538,0.0123778109345892,79,62,-0.17741935483871,-0.241935483870968,0.189873417721519,0.585106382978723
"17","NC_029263.1",23550413,"C","T",55,21,76,NA,29,54,83,NA,0.650602409638554,0.276315789473684,0.528301886792453,0.37428662016487,2099,0.399610212842097,22.9021163802655,25.2976106584332,9.61137890347352e-05,4.01721430148751,0.0123778109345892,76,62,-0.17741935483871,-0.241935483870968,0.276315789473684,0.650602409638554
"18","NC_029263.1",23550481,"T","C",62,18,80,NA,43,56,99,NA,0.565656565656566,0.225,0.58659217877095,0.340656565656566,2099,0.399607632343043,21.9134656310598,25.2973300097139,9.61198284836762e-05,4.01718701282298,0.0123778109345892,80,62,-0.17741935483871,-0.241935483870968,0.225,0.565656565656566
"19","NC_029263.1",23550501,"A","G",77,19,96,NA,47,54,101,NA,0.534653465346535,0.197916666666667,0.629441624365482,0.336736798679868,2099,0.399606873372733,24.6950330447734,25.2972474659729,9.6121604872712e-05,4.01717898670767,0.0123778109345892,96,62,-0.17741935483871,-0.241935483870968,0.197916666666667,0.534653465346535
"20","NC_029263.1",23550694,"T","C",26,11,37,NA,29,33,62,NA,0.532258064516129,0.297297297297297,0.555555555555556,0.234960767218832,2095,0.39959954930924,5.29317605969046,25.2964509188724,9.61387489111232e-05,4.01710153380432,0.0123778109345892,37,62,-0.17741935483871,-0.241935483870968,0.297297297297297,0.532258064516129
"21","NC_029263.1",23550814,"G","A",33,6,39,NA,21,21,42,NA,0.5,0.153846153846154,0.666666666666667,0.346153846153846,2095,0.39959499548738,11.4037363861362,25.2959556564265,9.61494101378024e-05,4.01705337574878,0.0123778109345892,39,62,-0.17741935483871,-0.241935483870968,0.153846153846154,0.5
"22","NC_029263.1",23551135,"G","A",46,13,59,NA,38,35,73,NA,0.479452054794521,0.220338983050847,0.636363636363636,0.259113071743673,2095,0.399582814013903,9.74529573588865,25.2946308293837,9.61779354071712e-05,4.01692454989578,0.0123778109345892,59,62,-0.17741935483871,-0.241935483870968,0.220338983050847,0.479452054794521
